"DESCRIPTION","DURATION IN MS","NAME","PARENT SUITE","START TIME","STATUS","STOP TIME","SUB SUITE","SUITE","TEST CLASS","TEST METHOD"
"","21941","User cannot login with wrong password @regression","webkit","2026-10-05","passed","2026-10-05","Login tests @ui @login","ui/loginTests.spec.ts","",""
"","1019","@regression Empty value for 'address1' returns 201","api","2026-10-05","passed","2026-10-05","@api @createAccount Create Account API - /createAccount","api/createAccountApiTests.spec.ts","",""
"","1104","@regression Empty value for 'birth_year' returns 201","api","2026-10-05","passed","2026-10-05","@api @createAccount Create Account API - /createAccount","api/createAccountApiTests.spec.ts","",""
"","16816","User cannot login with wrong password @regression","chromium","2026-10-05","passed","2026-10-05","Login tests @ui @login","ui/loginTests.spec.ts","",""
"","1384","@smoke User can delete account successfully with valid credentials","api","2026-10-05","passed","2026-10-05","@api @deleteAccount Delete Account API - /deleteAccount","api/userAccountTests.spec.ts","",""
"","1527","@regression Login with missing email returns 400","api","2026-10-05","passed","2026-10-05","@api @login Login API - /verifyLogin""","api/loginApiTests.spec.ts","",""
"","887","@regression Invalid email '@domain.com' returns 400","api","2026-10-05","passed","2026-10-05","@api @createAccount Create Account API - /createAccount","api/createAccountApiTests.spec.ts","",""
"","483","@regression Missing parameter 'zipcode' returns 400","api","2026-10-05","passed","2026-10-05","@api @createAccount Create Account API - /createAccount","api/createAccountApiTests.spec.ts","",""
"","1030","@regression Missing parameter 'lastname' returns 400","api","2026-10-05","passed","2026-10-05","@api @createAccount Create Account API - /createAccount","api/createAccountApiTests.spec.ts","",""
"","1","@regression @issue Invalid country returns 400","api","2026-10-05","skipped","2026-10-05","@api @createAccount Create Account API - /createAccount","api/createAccountApiTests.spec.ts","",""
"","6717","View product details for the first product displays correct details @smoke","webkit","2026-10-05","passed","2026-10-05","Product details tests @ui @products","ui/productTests.spec.ts","",""
"","592","@smoke POST /searchProduct with searchTerm ""tshirt"" returns matching products","api","2026-10-05","passed","2026-10-05","@api @search Search Product API - /searchProduct","api/searchProductApiTests.spec.ts","",""
"","665","@regression Missing parameter 'country' returns 400","api","2026-10-05","passed","2026-10-05","@api @createAccount Create Account API - /createAccount","api/createAccountApiTests.spec.ts","",""
"","1190","@regression Empty value for 'mobile_number' returns 201","api","2026-10-05","passed","2026-10-05","@api @createAccount Create Account API - /createAccount","api/createAccountApiTests.spec.ts","",""
"","698","@regression Invalid email 'email@.com' returns 400","api","2026-10-05","passed","2026-10-05","@api @createAccount Create Account API - /createAccount","api/createAccountApiTests.spec.ts","",""
"","891","@regression PUT /brandsList returns 405 in response body","api","2026-10-05","passed","2026-10-05","@api @brands Brands API - /brandsList","api/brandsApiTests.spec.ts","",""
"","20112","User cannot login with non-existing email @regression","firefox","2026-10-05","passed","2026-10-05","Login tests @ui @login","ui/loginTests.spec.ts","",""
"","1374","@regression Missing form data returns 400","api","2026-10-05","passed","2026-10-05","@api @createAccount Create Account API - /createAccount","api/createAccountApiTests.spec.ts","",""
"","429","@regression POST /searchProduct with invalid symbols ""топ"" returns empty list","api","2026-10-05","passed","2026-10-05","@api @search Search Product API - /searchProduct","api/searchProductApiTests.spec.ts","",""
"","6298","Login fails with wrong password @regression","webkit","2026-10-05","passed","2026-10-05","@ui @api @e2e User Login & Deletion Flow (API → UI)","ui/userFlows.spec.ts","",""
"","24670","User can login successfully @smoke","webkit","2026-10-05","passed","2026-10-05","Login tests @ui @login","ui/loginTests.spec.ts","",""
"","5624","Login fails with wrong email @regression","webkit","2026-10-05","passed","2026-10-05","@ui @api @e2e User Login & Deletion Flow (API → UI)","ui/userFlows.spec.ts","",""
"","816","@regression POST /searchProduct is case-insensitive for term ""TOP""","api","2026-10-05","passed","2026-10-05","@api @search Search Product API - /searchProduct","api/searchProductApiTests.spec.ts","",""
"","1027","@regression Empty value for 'address2' returns 201","api","2026-10-05","passed","2026-10-05","@api @createAccount Create Account API - /createAccount","api/createAccountApiTests.spec.ts","",""
"","1170","@smoke User can retrieve account details successfully with valid email","api","2026-10-05","passed","2026-10-05","@api Get User Detail API - /getUserDetailByEmail","api/userAccountTests.spec.ts","",""
"","5380","Login fails with uppercase email @regression","chromium","2026-10-05","passed","2026-10-05","@ui @api @e2e User Login & Deletion Flow (API → UI)","ui/userFlows.spec.ts","",""
"","7182","View product details for the first product displays correct details @smoke","firefox","2026-10-05","passed","2026-10-05","Product details tests @ui @products","ui/productTests.spec.ts","",""
"","579","@regression Invalid email 'a@b' returns 400","api","2026-10-05","passed","2026-10-05","@api @createAccount Create Account API - /createAccount","api/createAccountApiTests.spec.ts","",""
"","20635","User cannot login with non-existing email @regression","webkit","2026-10-05","passed","2026-10-05","Login tests @ui @login","ui/loginTests.spec.ts","",""
"","1197","@regression Updating account with invalid email format returns 404","api","2026-10-05","passed","2026-10-05","@api Update Account API - /updateAccount","api/userAccountTests.spec.ts","",""
"","1289","@regression Empty value for 'lastname' returns 201","api","2026-10-05","passed","2026-10-05","@api @createAccount Create Account API - /createAccount","api/createAccountApiTests.spec.ts","",""
"","1255","@smoke GET /brandsList returns all brands and each brand has required fields","api","2026-10-05","passed","2026-10-05","@api @brands Brands API - /brandsList","api/brandsApiTests.spec.ts","",""
"","4379","User cannot register with an existing email @regression","chromium","2026-10-05","passed","2026-10-05","@ui @api @e2e User Registration Flow (UI → API)","ui/userFlows.spec.ts","",""
"","1047","@regression Empty value for 'firstname' returns 201","api","2026-10-05","passed","2026-10-05","@api @createAccount Create Account API - /createAccount","api/createAccountApiTests.spec.ts","",""
"","1357","@regression Missing parameter 'password' returns 400","api","2026-10-05","passed","2026-10-05","@api @createAccount Create Account API - /createAccount","api/createAccountApiTests.spec.ts","",""
"","1460","@regression Unknown fields are ignored and user is created","api","2026-10-05","passed","2026-10-05","@api @createAccount Create Account API - /createAccount","api/createAccountApiTests.spec.ts","",""
"","1289","@regression Invalid email 'invalid' returns 400","api","2026-10-05","passed","2026-10-05","@api @createAccount Create Account API - /createAccount","api/createAccountApiTests.spec.ts","",""
"","5784","Login fails with empty fields (UI validation) @regression","chromium","2026-10-05","passed","2026-10-05","@ui @api @e2e User Login & Deletion Flow (API → UI)","ui/userFlows.spec.ts","",""
"","869","@regression POST /searchProduct is case-insensitive for term ""tOp""","api","2026-10-05","passed","2026-10-05","@api @search Search Product API - /searchProduct","api/searchProductApiTests.spec.ts","",""
"","1563","@smoke User can login successfully with valid credentials","api","2026-10-05","passed","2026-10-05","@api @login Login API - /verifyLogin""","api/loginApiTests.spec.ts","",""
"","781","@regression Empty value for 'title' returns 201","api","2026-10-05","passed","2026-10-05","@api @createAccount Create Account API - /createAccount","api/createAccountApiTests.spec.ts","",""
"","1360","@regression Missing parameter 'email' returns 400","api","2026-10-05","passed","2026-10-05","@api @createAccount Create Account API - /createAccount","api/createAccountApiTests.spec.ts","",""
"","1414","@regression Login with both invalid email and password returns 404","api","2026-10-05","passed","2026-10-05","@api @login Login API - /verifyLogin""","api/loginApiTests.spec.ts","",""
"","5000","Login fails with uppercase email @regression","webkit","2026-10-05","passed","2026-10-05","@ui @api @e2e User Login & Deletion Flow (API → UI)","ui/userFlows.spec.ts","",""
"","498","@regression POST /productsList returns 405 in response body","api","2026-10-05","passed","2026-10-05","@api @products Products API - /productsList","api/productsApiTests.spec.ts","",""
"","1094","@regression All fields undefined returns 400","api","2026-10-05","passed","2026-10-05","@api @createAccount Create Account API - /createAccount","api/createAccountApiTests.spec.ts","",""
"","12036","User can register successfully @smoke","webkit","2026-10-05","passed","2026-10-05","Register tests @ui @register","ui/registerTests.spec.ts","",""
"","1138","@regression Missing parameter 'name' returns 400","api","2026-10-05","passed","2026-10-05","@api @createAccount Create Account API - /createAccount","api/createAccountApiTests.spec.ts","",""
"","973","@regression Missing parameter 'firstname' returns 400","api","2026-10-05","passed","2026-10-05","@api @createAccount Create Account API - /createAccount","api/createAccountApiTests.spec.ts","",""
"","488","@regression Empty value for 'password' returns 201","api","2026-10-05","passed","2026-10-05","@api @createAccount Create Account API - /createAccount","api/createAccountApiTests.spec.ts","",""
"","4908","User cannot register with an existing email @regression","webkit","2026-10-05","passed","2026-10-05","@ui @api @e2e User Registration Flow (UI → API)","ui/userFlows.spec.ts","",""
"","596","@regression POST /searchProduct is case-insensitive for term ""Top""","api","2026-10-05","passed","2026-10-05","@api @search Search Product API - /searchProduct","api/searchProductApiTests.spec.ts","",""
"","391","@regression Missing parameter 'state' returns 400","api","2026-10-05","passed","2026-10-05","@api @createAccount Create Account API - /createAccount","api/createAccountApiTests.spec.ts","",""
"","10660","User can register successfully @smoke","chromium","2026-10-05","passed","2026-10-05","Register tests @ui @register","ui/registerTests.spec.ts","",""
"","320","@regression POST /searchProduct with very long search term returns empty list and does not crash","api","2026-10-05","passed","2026-10-05","@api @search Search Product API - /searchProduct","api/searchProductApiTests.spec.ts","",""
"","473","@regression POST /searchProduct without searchTerm returns 400 error","api","2026-10-05","passed","2026-10-05","@api @search Search Product API - /searchProduct","api/searchProductApiTests.spec.ts","",""
"","1145","@smoke User can create account successfully with valid data","api","2026-10-05","passed","2026-10-05","@api @createAccount Create Account API - /createAccount","api/createAccountApiTests.spec.ts","",""
"","4601","Login fails with wrong email @regression","firefox","2026-10-05","passed","2026-10-05","@ui @api @e2e User Login & Deletion Flow (API → UI)","ui/userFlows.spec.ts","",""
"","1890","@regression Login with valid email and invalid password returns 404","api","2026-10-05","passed","2026-10-05","@api @login Login API - /verifyLogin""","api/loginApiTests.spec.ts","",""
"","1268","@regression GET method is not supported and returns 405","api","2026-10-05","passed","2026-10-05","@api @createAccount Create Account API - /createAccount","api/createAccountApiTests.spec.ts","",""
"","5309","View product details for the first product displays correct details @smoke","chromium","2026-10-05","passed","2026-10-05","Product details tests @ui @products","ui/productTests.spec.ts","",""
"","5805","Login fails with wrong email @regression","chromium","2026-10-05","passed","2026-10-05","@ui @api @e2e User Login & Deletion Flow (API → UI)","ui/userFlows.spec.ts","",""
"","12959","User registered via UI exists in API @smoke","webkit","2026-10-05","passed","2026-10-05","@ui @api @e2e User Registration Flow (UI → API)","ui/userFlows.spec.ts","",""
"","773","@regression Empty value for 'birth_date' returns 201","api","2026-10-05","passed","2026-10-05","@api @createAccount Create Account API - /createAccount","api/createAccountApiTests.spec.ts","",""
"","10879","User created via API can login and delete account via UI @smoke","chromium","2026-10-05","passed","2026-10-05","@ui @api @e2e User Login & Deletion Flow (API → UI)","ui/userFlows.spec.ts","",""
"","1615","@regression @issue Duplicate email returns 400","api","2026-10-05","passed","2026-10-05","@api @createAccount Create Account API - /createAccount","api/createAccountApiTests.spec.ts","",""
"","405","@smoke POST /searchProduct with searchTerm ""jean"" returns matching products","api","2026-10-05","passed","2026-10-05","@api @search Search Product API - /searchProduct","api/searchProductApiTests.spec.ts","",""
"","12456","Multiple failed login attempts do not affect account @regression","firefox","2026-10-05","passed","2026-10-05","@ui @api @e2e User Login & Deletion Flow (API → UI)","ui/userFlows.spec.ts","",""
"","7173","Login fails with wrong password @regression","firefox","2026-10-05","passed","2026-10-05","@ui @api @e2e User Login & Deletion Flow (API → UI)","ui/userFlows.spec.ts","",""
"","17533","User cannot register with existing email @e2e @regression","chromium","2026-10-05","passed","2026-10-05","Register tests @ui @register","ui/registerTests.spec.ts","",""
"","1382","@smoke User can update account successfully with valid data","api","2026-10-05","passed","2026-10-05","@api Update Account API - /updateAccount","api/userAccountTests.spec.ts","",""
"","15177","Newly registered user can login successfully @e2e","webkit","2026-10-05","passed","2026-10-05","Register tests @ui @register","ui/registerTests.spec.ts","",""
"","1060","@regression Empty value for 'country' returns 201","api","2026-10-05","passed","2026-10-05","@api @createAccount Create Account API - /createAccount","api/createAccountApiTests.spec.ts","",""
"","8977","User registered via UI exists in API @smoke","chromium","2026-10-05","passed","2026-10-05","@ui @api @e2e User Registration Flow (UI → API)","ui/userFlows.spec.ts","",""
"","15073","User cannot register with existing email @e2e @regression","firefox","2026-10-05","passed","2026-10-05","Register tests @ui @register","ui/registerTests.spec.ts","",""
"","11261","User registered via UI exists in API @smoke","firefox","2026-10-05","passed","2026-10-05","@ui @api @e2e User Registration Flow (UI → API)","ui/userFlows.spec.ts","",""
"","498","@regression Retrieving account details without parameters returns 400","api","2026-10-05","passed","2026-10-05","@api Get User Detail API - /getUserDetailByEmail","api/userAccountTests.spec.ts","",""
"","1085","@regression Mixed empty and missing fields returns 400","api","2026-10-05","passed","2026-10-05","@api @createAccount Create Account API - /createAccount","api/createAccountApiTests.spec.ts","",""
"","707","@regression Retrieving account details for non-existent user returns 404","api","2026-10-05","passed","2026-10-05","@api Get User Detail API - /getUserDetailByEmail","api/userAccountTests.spec.ts","",""
"","13226","Multiple failed login attempts do not affect account @regression","webkit","2026-10-05","passed","2026-10-05","@ui @api @e2e User Login & Deletion Flow (API → UI)","ui/userFlows.spec.ts","",""
"","684","@regression Invalid email '' returns 400","api","2026-10-05","passed","2026-10-05","@api @createAccount Create Account API - /createAccount","api/createAccountApiTests.spec.ts","",""
"","4994","Login fails with SQL-like injection attempt (UI validation) @regression","firefox","2026-10-05","passed","2026-10-05","@ui @api @e2e User Login & Deletion Flow (API → UI)","ui/userFlows.spec.ts","",""
"","581","@regression Invalid email '12345' returns 400","api","2026-10-05","passed","2026-10-05","@api @createAccount Create Account API - /createAccount","api/createAccountApiTests.spec.ts","",""
"","6900","Login fails with wrong password @regression","chromium","2026-10-05","passed","2026-10-05","@ui @api @e2e User Login & Deletion Flow (API → UI)","ui/userFlows.spec.ts","",""
"","381","@regression POST /searchProduct with whitespace for search term ""tshirt "" returns empty list","api","2026-10-05","passed","2026-10-05","@api @search Search Product API - /searchProduct","api/searchProductApiTests.spec.ts","",""
"","2338","site is alive","healthcheck","2026-10-05","passed","2026-10-05","","health/00-healthcheck.spec.ts","",""
"","6051","Search for a product and verify results @smoke","chromium","2026-10-05","passed","2026-10-05","Product details tests @ui @products","ui/productTests.spec.ts","",""
"","5703","Search for a product and verify results @smoke","firefox","2026-10-05","passed","2026-10-05","Product details tests @ui @products","ui/productTests.spec.ts","",""
"","1484","@regression Login with missing password returns 400","api","2026-10-05","passed","2026-10-05","@api @login Login API - /verifyLogin""","api/loginApiTests.spec.ts","",""
"","11055","User can register successfully @smoke","firefox","2026-10-05","passed","2026-10-05","Register tests @ui @register","ui/registerTests.spec.ts","",""
"","10588","Multiple failed login attempts do not affect account @regression","chromium","2026-10-05","passed","2026-10-05","@ui @api @e2e User Login & Deletion Flow (API → UI)","ui/userFlows.spec.ts","",""
"","284","@regression POST /searchProduct with whitespace for search term "" jean"" returns empty list","api","2026-10-05","passed","2026-10-05","@api @search Search Product API - /searchProduct","api/searchProductApiTests.spec.ts","",""
"","997","@regression Empty value for 'state' returns 201","api","2026-10-05","passed","2026-10-05","@api @createAccount Create Account API - /createAccount","api/createAccountApiTests.spec.ts","",""
"","1395","@regression Deleting account with invalid credentials returns 404","api","2026-10-05","passed","2026-10-05","@api @deleteAccount Delete Account API - /deleteAccount","api/userAccountTests.spec.ts","",""
"","11842","User created via API can login and delete account via UI @smoke","firefox","2026-10-05","passed","2026-10-05","@ui @api @e2e User Login & Deletion Flow (API → UI)","ui/userFlows.spec.ts","",""
"","14364","Newly registered user can login successfully @e2e","chromium","2026-10-05","passed","2026-10-05","Register tests @ui @register","ui/registerTests.spec.ts","",""
"","725","@regression Empty value for 'birth_month' returns 201","api","2026-10-05","passed","2026-10-05","@api @createAccount Create Account API - /createAccount","api/createAccountApiTests.spec.ts","",""
"","10117","User created via API can login and delete account via UI @smoke","webkit","2026-10-05","passed","2026-10-05","@ui @api @e2e User Login & Deletion Flow (API → UI)","ui/userFlows.spec.ts","",""
"","16516","User cannot register with existing email @e2e @regression","webkit","2026-10-05","passed","2026-10-05","Register tests @ui @register","ui/registerTests.spec.ts","",""
"","21884","User can login successfully @smoke","chromium","2026-10-05","passed","2026-10-05","Login tests @ui @login","ui/loginTests.spec.ts","",""
"","1310","@regression Empty value for 'city' returns 201","api","2026-10-05","passed","2026-10-05","@api @createAccount Create Account API - /createAccount","api/createAccountApiTests.spec.ts","",""
"","361","@regression POST /searchProduct with invalid symbols ""@#?"" returns empty list","api","2026-10-05","passed","2026-10-05","@api @search Search Product API - /searchProduct","api/searchProductApiTests.spec.ts","",""
"","1864","@regression DELETE method returns 405","api","2026-10-05","passed","2026-10-05","@api @login Login API - /verifyLogin""","api/loginApiTests.spec.ts","",""
"","15694","Newly registered user can login successfully @e2e","firefox","2026-10-05","passed","2026-10-05","Register tests @ui @register","ui/registerTests.spec.ts","",""
"","1368","@regression Empty value for 'company' returns 201","api","2026-10-05","passed","2026-10-05","@api @createAccount Create Account API - /createAccount","api/createAccountApiTests.spec.ts","",""
"","5338","Login fails with SQL-like injection attempt (UI validation) @regression","webkit","2026-10-05","passed","2026-10-05","@ui @api @e2e User Login & Deletion Flow (API → UI)","ui/userFlows.spec.ts","",""
"","4888","Login fails with empty fields (UI validation) @regression","webkit","2026-10-05","passed","2026-10-05","@ui @api @e2e User Login & Deletion Flow (API → UI)","ui/userFlows.spec.ts","",""
"","1069","@smoke GET /productsList returns all products and each product has required fields","api","2026-10-05","passed","2026-10-05","@api @products Products API - /productsList","api/productsApiTests.spec.ts","",""
"","1496","@regression Deleting non-existing user returns 404","api","2026-10-05","passed","2026-10-05","@api @deleteAccount Delete Account API - /deleteAccount","api/userAccountTests.spec.ts","",""
"","775","@smoke POST /searchProduct with searchTerm ""top"" returns matching products","api","2026-10-05","passed","2026-10-05","@api @search Search Product API - /searchProduct","api/searchProductApiTests.spec.ts","",""
"","4917","User cannot register with an existing email @regression","firefox","2026-10-05","passed","2026-10-05","@ui @api @e2e User Registration Flow (UI → API)","ui/userFlows.spec.ts","",""
"","5300","Login fails with SQL-like injection attempt (UI validation) @regression","chromium","2026-10-05","passed","2026-10-05","@ui @api @e2e User Login & Deletion Flow (API → UI)","ui/userFlows.spec.ts","",""
"","279","@regression POST /searchProduct with invalid symbols ""123"" returns empty list","api","2026-10-05","passed","2026-10-05","@api @search Search Product API - /searchProduct","api/searchProductApiTests.spec.ts","",""
"","489","@regression Empty value for 'name' returns 201","api","2026-10-05","passed","2026-10-05","@api @createAccount Create Account API - /createAccount","api/createAccountApiTests.spec.ts","",""
"","773","@regression Missing parameter 'address1' returns 400","api","2026-10-05","passed","2026-10-05","@api @createAccount Create Account API - /createAccount","api/createAccountApiTests.spec.ts","",""
"","1491","@regression Login with invalid email and valid password returns 404","api","2026-10-05","passed","2026-10-05","@api @login Login API - /verifyLogin""","api/loginApiTests.spec.ts","",""
"","1391","@regression Updating non-existing user returns 404","api","2026-10-05","passed","2026-10-05","@api Update Account API - /updateAccount","api/userAccountTests.spec.ts","",""
"","413","@regression POST /searchProduct with whitespace for search term "" top"" returns empty list","api","2026-10-05","passed","2026-10-05","@api @search Search Product API - /searchProduct","api/searchProductApiTests.spec.ts","",""
"","1267","@regression Invalid email 'test@' returns 400","api","2026-10-05","passed","2026-10-05","@api @createAccount Create Account API - /createAccount","api/createAccountApiTests.spec.ts","",""
"","1045","@regression Empty value for 'zipcode' returns 201","api","2026-10-05","passed","2026-10-05","@api @createAccount Create Account API - /createAccount","api/createAccountApiTests.spec.ts","",""
"","24547","User can login successfully @smoke","firefox","2026-10-05","passed","2026-10-05","Login tests @ui @login","ui/loginTests.spec.ts","",""
"","903","@regression Invalid email 'test@test' returns 400","api","2026-10-05","passed","2026-10-05","@api @createAccount Create Account API - /createAccount","api/createAccountApiTests.spec.ts","",""
"","413","@regression Missing parameter 'mobile_number' returns 400","api","2026-10-05","passed","2026-10-05","@api @createAccount Create Account API - /createAccount","api/createAccountApiTests.spec.ts","",""
"","3897","Login fails with empty fields (UI validation) @regression","firefox","2026-10-05","passed","2026-10-05","@ui @api @e2e User Login & Deletion Flow (API → UI)","ui/userFlows.spec.ts","",""
"","18180","User cannot login with non-existing email @regression","chromium","2026-10-05","passed","2026-10-05","Login tests @ui @login","ui/loginTests.spec.ts","",""
"","902","@regression POST /searchProduct with empty search term returns all products","api","2026-10-05","passed","2026-10-05","@api @search Search Product API - /searchProduct","api/searchProductApiTests.spec.ts","",""
"","1496","@regression All fields empty returns 400","api","2026-10-05","passed","2026-10-05","@api @createAccount Create Account API - /createAccount","api/createAccountApiTests.spec.ts","",""
"","472","@regression Invalid email 'email@domain' returns 400","api","2026-10-05","passed","2026-10-05","@api @createAccount Create Account API - /createAccount","api/createAccountApiTests.spec.ts","",""
"","17788","User cannot login with wrong password @regression","firefox","2026-10-05","passed","2026-10-05","Login tests @ui @login","ui/loginTests.spec.ts","",""
"","834","@regression @issue Retrieving account details with invalid email format returns 200","api","2026-10-05","passed","2026-10-05","@api Get User Detail API - /getUserDetailByEmail","api/userAccountTests.spec.ts","",""
"","801","@regression Empty form data returns 400","api","2026-10-05","passed","2026-10-05","@api @createAccount Create Account API - /createAccount","api/createAccountApiTests.spec.ts","",""
"","1199","@regression Updating account with missing email returns 400","api","2026-10-05","passed","2026-10-05","@api Update Account API - /updateAccount","api/userAccountTests.spec.ts","",""
"","394","@regression Missing parameter 'city' returns 400","api","2026-10-05","passed","2026-10-05","@api @createAccount Create Account API - /createAccount","api/createAccountApiTests.spec.ts","",""
"","7454","Search for a product and verify results @smoke","webkit","2026-10-05","passed","2026-10-05","Product details tests @ui @products","ui/productTests.spec.ts","",""
"","4093","Login fails with uppercase email @regression","firefox","2026-10-05","passed","2026-10-05","@ui @api @e2e User Login & Deletion Flow (API → UI)","ui/userFlows.spec.ts","",""
"","458","@regression POST /searchProduct with non-existing search term returns empty product list","api","2026-10-05","passed","2026-10-05","@api @search Search Product API - /searchProduct","api/searchProductApiTests.spec.ts","",""
"","447","@regression Invalid email 'email@domain.' returns 400","api","2026-10-05","passed","2026-10-05","@api @createAccount Create Account API - /createAccount","api/createAccountApiTests.spec.ts","",""
